
<resources>
    <color name="seed">#0000ff</color>
    <color name="md_theme_light_primary">#343DFF</color>
    <color name="md_theme_light_onPrimary">#FFFFFF</color>
    <color name="md_theme_light_primaryContainer">#E0E0FF</color>
    <color name="md_theme_light_onPrimaryContainer">#00006E</color>
    <color name="md_theme_light_secondary">#5C5D72</color>
    <color name="md_theme_light_onSecondary">#FFFFFF</color>
    <color name="md_theme_light_secondaryContainer">#E1E0F9</color>
    <color name="md_theme_light_onSecondaryContainer">#191A2C</color>
    <color name="md_theme_light_tertiary">#AA3526</color>
    <color name="md_theme_light_onTertiary">#FFFFFF</color>
    <color name="md_theme_light_tertiaryContainer">#FFDAD4</color>
    <color name="md_theme_light_onTertiaryContainer">#410100</color>
    <color name="md_theme_light_error">#BA1A1A</color>
    <color name="md_theme_light_errorContainer">#FFDAD6</color>
    <color name="md_theme_light_onError">#FFFFFF</color>
    <color name="md_theme_light_onErrorContainer">#410002</color>
    <color name="md_theme_light_background">#FFFBFF</color>
    <color name="md_theme_light_onBackground">#1B1B1F</color>
    <color name="md_theme_light_surface">#FFFBFF</color>
    <color name="md_theme_light_onSurface">#1B1B1F</color>
    <color name="md_theme_light_surfaceVariant">#E4E1EC</color>
    <color name="md_theme_light_onSurfaceVariant">#46464F</color>
    <color name="md_theme_light_outline">#777680</color>
    <color name="md_theme_light_inverseOnSurface">#F3EFF4</color>
    <color name="md_theme_light_inverseSurface">#303034</color>
    <color name="md_theme_light_inversePrimary">#BEC2FF</color>
    <color name="md_theme_light_shadow">#000000</color>
    <color name="md_theme_light_surfaceTint">#343DFF</color>
    <color name="md_theme_light_outlineVariant">#C7C5D0</color>
    <color name="md_theme_light_scrim">#000000</color>
    <color name="md_theme_dark_primary">#BEC2FF</color>
    <color name="md_theme_dark_onPrimary">#0001AC</color>
    <color name="md_theme_dark_primaryContainer">#0000EF</color>
    <color name="md_theme_dark_onPrimaryContainer">#E0E0FF</color>
    <color name="md_theme_dark_secondary">#C5C4DD</color>
    <color name="md_theme_dark_onSecondary">#2E2F42</color>
    <color name="md_theme_dark_secondaryContainer">#444559</color>
    <color name="md_theme_dark_onSecondaryContainer">#E1E0F9</color>
    <color name="md_theme_dark_tertiary">#FFB4A8</color>
    <color name="md_theme_dark_onTertiary">#680100</color>
    <color name="md_theme_dark_tertiaryContainer">#891D11</color>
    <color name="md_theme_dark_onTertiaryContainer">#FFDAD4</color>
    <color name="md_theme_dark_error">#FFB4AB</color>
    <color name="md_theme_dark_errorContainer">#93000A</color>
    <color name="md_theme_dark_onError">#690005</color>
    <color name="md_theme_dark_onErrorContainer">#FFDAD6</color>
    <color name="md_theme_dark_background">#1B1B1F</color>
    <color name="md_theme_dark_onBackground">#E5E1E6</color>
    <color name="md_theme_dark_surface">#1B1B1F</color>
    <color name="md_theme_dark_onSurface">#E5E1E6</color>
    <color name="md_theme_dark_surfaceVariant">#46464F</color>
    <color name="md_theme_dark_onSurfaceVariant">#C7C5D0</color>
    <color name="md_theme_dark_outline">#91909A</color>
    <color name="md_theme_dark_inverseOnSurface">#1B1B1F</color>
    <color name="md_theme_dark_inverseSurface">#E5E1E6</color>
    <color name="md_theme_dark_inversePrimary">#343DFF</color>
    <color name="md_theme_dark_shadow">#000000</color>
    <color name="md_theme_dark_surfaceTint">#BEC2FF</color>
    <color name="md_theme_dark_outlineVariant">#46464F</color>
    <color name="md_theme_dark_scrim">#000000</color>
</resources>
